year,month,return
2024,1,0.029776
2024,2,0.079129
2024,3,0.009272
2024,4,0.010827
2024,5,0.030977
2024,6,0.032305
2024,7,0.018292
2024,8,-0.015226
2024,9,0.021868
2024,10,-0.021277
2024,11,0.030147
2024,12,0.002031
2025,1,-0.001201
2025,2,0.066249
2025,3,-0.008917
2025,4,0.018356
2025,5,0.028909
2025,6,0.022716
2025,7,0.013985
2025,8,0.003598
2025,9,0.008425
2025,10,0.016834
2025,11,-0.002469
2025,12,0.003522
2026,1,0.001964
