{
  "initial_capital": 100000.0,
  "final_equity": 95958.29911811388,
  "total_return": -0.04041700881886123,
  "annualized_return": -0.020537922877175485,
  "volatility": 0.04412783869239536,
  "sharpe_ratio": -0.44818183717094495,
  "sortino_ratio": -0.41288218248547076,
  "calmar_ratio": -0.21848220279061573,
  "max_drawdown": 0.0940027270635777,
  "n_trades": 763,
  "n_fills": 849,
  "periods_per_year": 252.0
}